GO
INSERT INTO FOOTEDC.STADE_VILLE VALUES (   10001 , 'Paris'         ,       1207);
INSERT INTO FOOTEDC.STADE_VILLE VALUES (   10002 , 'Saint-Denis'   ,       1207);
INSERT INTO FOOTEDC.STADE_VILLE VALUES (   10003 , 'Bordeaux'      ,       1207);
INSERT INTO FOOTEDC.STADE_VILLE VALUES (   10004 , 'Lens'          ,       1207);
INSERT INTO FOOTEDC.STADE_VILLE VALUES (   10005 , 'Lille'         ,       1207);
INSERT INTO FOOTEDC.STADE_VILLE VALUES (   10006 , 'Lyon'          ,       1207);
INSERT INTO FOOTEDC.STADE_VILLE VALUES (   10007 , 'Marseille'     ,       1207);
INSERT INTO FOOTEDC.STADE_VILLE VALUES (   10008 , 'Nice'          ,       1207);
INSERT INTO FOOTEDC.STADE_VILLE VALUES (   10009 , 'Saint-Etienne' ,       1207);
INSERT INTO FOOTEDC.STADE_VILLE VALUES (   10010 , 'Toulouse'      ,       1207);

INSERT INTO FOOTEDC.STADE_FOOTBALL VALUES (20001,'Stade de Bordeaux',10003,42115);
INSERT INTO FOOTEDC.STADE_FOOTBALL VALUES (20002,'Stade Bollaert-Delelis',10004,38223);
INSERT INTO FOOTEDC.STADE_FOOTBALL VALUES (20003,'Stade Pierre Mauroy ',10005,49822);
INSERT INTO FOOTEDC.STADE_FOOTBALL VALUES (20004,'Stade de Lyon',10006,58585) ;
INSERT INTO FOOTEDC.STADE_FOOTBALL VALUES (20005,'Stade VElodrome',10007,64354 ) ;
INSERT INTO FOOTEDC.STADE_FOOTBALL VALUES (20006,'Stade de Nice',10008,35624);
INSERT INTO FOOTEDC.STADE_FOOTBALL VALUES (20007,'Parc des Princes',10001,47294);
INSERT INTO FOOTEDC.STADE_FOOTBALL VALUES (20008,'Stade de France',10002,80100);
INSERT INTO FOOTEDC.STADE_FOOTBALL VALUES (20009,'Stade Geoffroy Guichard',10009,42000);
INSERT INTO FOOTEDC.STADE_FOOTBALL VALUES (20010,'Stadium de Toulouse',10010,33150);

INSERT INTO FOOTEDC.PAYS_FOOTBALL VALUES ( 1201 , 'ALB'          , 'Albania');
INSERT INTO FOOTEDC.PAYS_FOOTBALL VALUES ( 1202 , 'AUT'          , 'Austria');
INSERT INTO FOOTEDC.PAYS_FOOTBALL VALUES ( 1203 , 'BEL'          , 'Belgium');
INSERT INTO FOOTEDC.PAYS_FOOTBALL VALUES ( 1204 , 'CRO'          , 'Croatia');
INSERT INTO FOOTEDC.PAYS_FOOTBALL VALUES ( 1205 , 'CZE'          , 'Czech Republic');
INSERT INTO FOOTEDC.PAYS_FOOTBALL VALUES ( 1206 , 'ENG'          , 'England');
INSERT INTO FOOTEDC.PAYS_FOOTBALL VALUES ( 1207 , 'FRA'          , 'France');
INSERT INTO FOOTEDC.PAYS_FOOTBALL VALUES ( 1208 , 'GER'          , 'Germany');
INSERT INTO FOOTEDC.PAYS_FOOTBALL VALUES ( 1209 , 'HUN'          , 'Hungary');
INSERT INTO FOOTEDC.PAYS_FOOTBALL VALUES ( 1210 , 'ISL'          , 'Iceland');
INSERT INTO FOOTEDC.PAYS_FOOTBALL VALUES ( 1211 , 'ITA'          , 'Italy');
INSERT INTO FOOTEDC.PAYS_FOOTBALL VALUES ( 1212 , 'NIR'          , 'Northern Ireland');
INSERT INTO FOOTEDC.PAYS_FOOTBALL VALUES ( 1213 , 'POL'          , 'Poland');
INSERT INTO FOOTEDC.PAYS_FOOTBALL VALUES ( 1214 , 'POR'          , 'Portugal');
INSERT INTO FOOTEDC.PAYS_FOOTBALL VALUES ( 1215 , 'IRL'          , 'Republic of Ireland');
INSERT INTO FOOTEDC.PAYS_FOOTBALL VALUES ( 1216 , 'ROU'          , 'Romania');
INSERT INTO FOOTEDC.PAYS_FOOTBALL VALUES ( 1217 , 'RUS'          , 'Russia');
INSERT INTO FOOTEDC.PAYS_FOOTBALL VALUES ( 1218 , 'SVK'          , 'Slovakia');
INSERT INTO FOOTEDC.PAYS_FOOTBALL VALUES ( 1219 , 'ESP'          , 'Spain');
INSERT INTO FOOTEDC.PAYS_FOOTBALL VALUES ( 1220 , 'SWE'          , 'Sweden');
INSERT INTO FOOTEDC.PAYS_FOOTBALL VALUES ( 1221 , 'SUI'          , 'Switzerland');
INSERT INTO FOOTEDC.PAYS_FOOTBALL VALUES ( 1222 , 'TUR'          , 'Turkey');
INSERT INTO FOOTEDC.PAYS_FOOTBALL VALUES ( 1223 , 'UKR'          , 'Ukraine');
INSERT INTO FOOTEDC.PAYS_FOOTBALL VALUES ( 1224 , 'WAL'          , 'Wales');
INSERT INTO FOOTEDC.PAYS_FOOTBALL VALUES ( 1225 , 'SLO'          , 'Slovenia');
INSERT INTO FOOTEDC.PAYS_FOOTBALL VALUES ( 1226 , 'NED'          , 'Netherlands');
INSERT INTO FOOTEDC.PAYS_FOOTBALL VALUES ( 1227 , 'SRB'          , 'Serbia');
INSERT INTO FOOTEDC.PAYS_FOOTBALL VALUES ( 1228 , 'SCO'          , 'Scotland');
INSERT INTO FOOTEDC.PAYS_FOOTBALL VALUES ( 1229 , 'NOR'          , 'Norway');
GO
GO
INSERT [FOOTEDC].[EQUIPES] ([ID_EQUIPE], [CODE_GROUPE], [NB_MATCHS_JOUES], [NB_MATCHS_GAGNES], [NB_MATCHS_NULS], [NB_MATCHS_PERDUS], [NB_BUTS_MARQUES], [NB_BUTS_ENCAISSES], [DIFFERENCE_BUTS], [NB_POINTS], [CLASSEMENT_GROUPE]) VALUES (1201, N'A', 3, 1, 0, 2, 1, 3, -2, 3, 3)
GO
INSERT [FOOTEDC].[EQUIPES] ([ID_EQUIPE], [CODE_GROUPE], [NB_MATCHS_JOUES], [NB_MATCHS_GAGNES], [NB_MATCHS_NULS], [NB_MATCHS_PERDUS], [NB_BUTS_MARQUES], [NB_BUTS_ENCAISSES], [DIFFERENCE_BUTS], [NB_POINTS], [CLASSEMENT_GROUPE]) VALUES (1202, N'F', 3, 0, 1, 2, 1, 4, -3, 1, 4)
GO
INSERT [FOOTEDC].[EQUIPES] ([ID_EQUIPE], [CODE_GROUPE], [NB_MATCHS_JOUES], [NB_MATCHS_GAGNES], [NB_MATCHS_NULS], [NB_MATCHS_PERDUS], [NB_BUTS_MARQUES], [NB_BUTS_ENCAISSES], [DIFFERENCE_BUTS], [NB_POINTS], [CLASSEMENT_GROUPE]) VALUES (1203, N'E', 3, 2, 0, 1, 4, 2, 2, 6, 2)
GO
INSERT [FOOTEDC].[EQUIPES] ([ID_EQUIPE], [CODE_GROUPE], [NB_MATCHS_JOUES], [NB_MATCHS_GAGNES], [NB_MATCHS_NULS], [NB_MATCHS_PERDUS], [NB_BUTS_MARQUES], [NB_BUTS_ENCAISSES], [DIFFERENCE_BUTS], [NB_POINTS], [CLASSEMENT_GROUPE]) VALUES (1204, N'D', 3, 2, 1, 0, 5, 3, 2, 7, 1)
GO
INSERT [FOOTEDC].[EQUIPES] ([ID_EQUIPE], [CODE_GROUPE], [NB_MATCHS_JOUES], [NB_MATCHS_GAGNES], [NB_MATCHS_NULS], [NB_MATCHS_PERDUS], [NB_BUTS_MARQUES], [NB_BUTS_ENCAISSES], [DIFFERENCE_BUTS], [NB_POINTS], [CLASSEMENT_GROUPE]) VALUES (1205, N'D', 3, 0, 1, 2, 2, 5, -3, 1, 4)
GO
INSERT [FOOTEDC].[EQUIPES] ([ID_EQUIPE], [CODE_GROUPE], [NB_MATCHS_JOUES], [NB_MATCHS_GAGNES], [NB_MATCHS_NULS], [NB_MATCHS_PERDUS], [NB_BUTS_MARQUES], [NB_BUTS_ENCAISSES], [DIFFERENCE_BUTS], [NB_POINTS], [CLASSEMENT_GROUPE]) VALUES (1206, N'B', 3, 1, 2, 0, 3, 2, 1, 5, 2)
GO
INSERT [FOOTEDC].[EQUIPES] ([ID_EQUIPE], [CODE_GROUPE], [NB_MATCHS_JOUES], [NB_MATCHS_GAGNES], [NB_MATCHS_NULS], [NB_MATCHS_PERDUS], [NB_BUTS_MARQUES], [NB_BUTS_ENCAISSES], [DIFFERENCE_BUTS], [NB_POINTS], [CLASSEMENT_GROUPE]) VALUES (1207, N'A', 3, 2, 1, 0, 4, 1, 3, 7, 1)
GO
INSERT [FOOTEDC].[EQUIPES] ([ID_EQUIPE], [CODE_GROUPE], [NB_MATCHS_JOUES], [NB_MATCHS_GAGNES], [NB_MATCHS_NULS], [NB_MATCHS_PERDUS], [NB_BUTS_MARQUES], [NB_BUTS_ENCAISSES], [DIFFERENCE_BUTS], [NB_POINTS], [CLASSEMENT_GROUPE]) VALUES (1208, N'C', 3, 2, 1, 0, 3, 0, 3, 7, 1)
GO
INSERT [FOOTEDC].[EQUIPES] ([ID_EQUIPE], [CODE_GROUPE], [NB_MATCHS_JOUES], [NB_MATCHS_GAGNES], [NB_MATCHS_NULS], [NB_MATCHS_PERDUS], [NB_BUTS_MARQUES], [NB_BUTS_ENCAISSES], [DIFFERENCE_BUTS], [NB_POINTS], [CLASSEMENT_GROUPE]) VALUES (1209, N'F', 3, 1, 2, 0, 6, 4, 2, 5, 1)
GO
INSERT [FOOTEDC].[EQUIPES] ([ID_EQUIPE], [CODE_GROUPE], [NB_MATCHS_JOUES], [NB_MATCHS_GAGNES], [NB_MATCHS_NULS], [NB_MATCHS_PERDUS], [NB_BUTS_MARQUES], [NB_BUTS_ENCAISSES], [DIFFERENCE_BUTS], [NB_POINTS], [CLASSEMENT_GROUPE]) VALUES (1210, N'F', 3, 1, 2, 0, 4, 3, 1, 5, 2)
GO
INSERT [FOOTEDC].[EQUIPES] ([ID_EQUIPE], [CODE_GROUPE], [NB_MATCHS_JOUES], [NB_MATCHS_GAGNES], [NB_MATCHS_NULS], [NB_MATCHS_PERDUS], [NB_BUTS_MARQUES], [NB_BUTS_ENCAISSES], [DIFFERENCE_BUTS], [NB_POINTS], [CLASSEMENT_GROUPE]) VALUES (1211, N'E', 3, 2, 0, 1, 3, 1, 2, 6, 1)
GO
INSERT [FOOTEDC].[EQUIPES] ([ID_EQUIPE], [CODE_GROUPE], [NB_MATCHS_JOUES], [NB_MATCHS_GAGNES], [NB_MATCHS_NULS], [NB_MATCHS_PERDUS], [NB_BUTS_MARQUES], [NB_BUTS_ENCAISSES], [DIFFERENCE_BUTS], [NB_POINTS], [CLASSEMENT_GROUPE]) VALUES (1212, N'C', 3, 1, 0, 2, 2, 2, 0, 3, 3)
GO
INSERT [FOOTEDC].[EQUIPES] ([ID_EQUIPE], [CODE_GROUPE], [NB_MATCHS_JOUES], [NB_MATCHS_GAGNES], [NB_MATCHS_NULS], [NB_MATCHS_PERDUS], [NB_BUTS_MARQUES], [NB_BUTS_ENCAISSES], [DIFFERENCE_BUTS], [NB_POINTS], [CLASSEMENT_GROUPE]) VALUES (1213, N'C', 3, 2, 1, 0, 2, 0, 2, 7, 2)
GO
INSERT [FOOTEDC].[EQUIPES] ([ID_EQUIPE], [CODE_GROUPE], [NB_MATCHS_JOUES], [NB_MATCHS_GAGNES], [NB_MATCHS_NULS], [NB_MATCHS_PERDUS], [NB_BUTS_MARQUES], [NB_BUTS_ENCAISSES], [DIFFERENCE_BUTS], [NB_POINTS], [CLASSEMENT_GROUPE]) VALUES (1214, N'F', 3, 0, 3, 0, 4, 4, 0, 3, 3)
GO
INSERT [FOOTEDC].[EQUIPES] ([ID_EQUIPE], [CODE_GROUPE], [NB_MATCHS_JOUES], [NB_MATCHS_GAGNES], [NB_MATCHS_NULS], [NB_MATCHS_PERDUS], [NB_BUTS_MARQUES], [NB_BUTS_ENCAISSES], [DIFFERENCE_BUTS], [NB_POINTS], [CLASSEMENT_GROUPE]) VALUES (1215, N'E', 3, 1, 1, 1, 2, 4, -2, 4, 3)
GO
INSERT [FOOTEDC].[EQUIPES] ([ID_EQUIPE], [CODE_GROUPE], [NB_MATCHS_JOUES], [NB_MATCHS_GAGNES], [NB_MATCHS_NULS], [NB_MATCHS_PERDUS], [NB_BUTS_MARQUES], [NB_BUTS_ENCAISSES], [DIFFERENCE_BUTS], [NB_POINTS], [CLASSEMENT_GROUPE]) VALUES (1216, N'A', 3, 0, 1, 2, 2, 4, -2, 1, 4)
GO
INSERT [FOOTEDC].[EQUIPES] ([ID_EQUIPE], [CODE_GROUPE], [NB_MATCHS_JOUES], [NB_MATCHS_GAGNES], [NB_MATCHS_NULS], [NB_MATCHS_PERDUS], [NB_BUTS_MARQUES], [NB_BUTS_ENCAISSES], [DIFFERENCE_BUTS], [NB_POINTS], [CLASSEMENT_GROUPE]) VALUES (1217, N'B', 3, 0, 1, 2, 2, 6, -4, 1, 4)
GO
INSERT [FOOTEDC].[EQUIPES] ([ID_EQUIPE], [CODE_GROUPE], [NB_MATCHS_JOUES], [NB_MATCHS_GAGNES], [NB_MATCHS_NULS], [NB_MATCHS_PERDUS], [NB_BUTS_MARQUES], [NB_BUTS_ENCAISSES], [DIFFERENCE_BUTS], [NB_POINTS], [CLASSEMENT_GROUPE]) VALUES (1218, N'B', 3, 1, 1, 1, 3, 3, 0, 4, 3)
GO
INSERT [FOOTEDC].[EQUIPES] ([ID_EQUIPE], [CODE_GROUPE], [NB_MATCHS_JOUES], [NB_MATCHS_GAGNES], [NB_MATCHS_NULS], [NB_MATCHS_PERDUS], [NB_BUTS_MARQUES], [NB_BUTS_ENCAISSES], [DIFFERENCE_BUTS], [NB_POINTS], [CLASSEMENT_GROUPE]) VALUES (1219, N'D', 3, 2, 0, 1, 5, 2, 3, 6, 2)
GO
INSERT [FOOTEDC].[EQUIPES] ([ID_EQUIPE], [CODE_GROUPE], [NB_MATCHS_JOUES], [NB_MATCHS_GAGNES], [NB_MATCHS_NULS], [NB_MATCHS_PERDUS], [NB_BUTS_MARQUES], [NB_BUTS_ENCAISSES], [DIFFERENCE_BUTS], [NB_POINTS], [CLASSEMENT_GROUPE]) VALUES (1220, N'E', 3, 0, 1, 2, 1, 3, -2, 1, 4)
GO
INSERT [FOOTEDC].[EQUIPES] ([ID_EQUIPE], [CODE_GROUPE], [NB_MATCHS_JOUES], [NB_MATCHS_GAGNES], [NB_MATCHS_NULS], [NB_MATCHS_PERDUS], [NB_BUTS_MARQUES], [NB_BUTS_ENCAISSES], [DIFFERENCE_BUTS], [NB_POINTS], [CLASSEMENT_GROUPE]) VALUES (1221, N'A', 3, 1, 2, 0, 2, 1, 1, 5, 2)
GO
INSERT [FOOTEDC].[EQUIPES] ([ID_EQUIPE], [CODE_GROUPE], [NB_MATCHS_JOUES], [NB_MATCHS_GAGNES], [NB_MATCHS_NULS], [NB_MATCHS_PERDUS], [NB_BUTS_MARQUES], [NB_BUTS_ENCAISSES], [DIFFERENCE_BUTS], [NB_POINTS], [CLASSEMENT_GROUPE]) VALUES (1222, N'D', 3, 1, 0, 2, 2, 4, -2, 3, 3)
GO
INSERT [FOOTEDC].[EQUIPES] ([ID_EQUIPE], [CODE_GROUPE], [NB_MATCHS_JOUES], [NB_MATCHS_GAGNES], [NB_MATCHS_NULS], [NB_MATCHS_PERDUS], [NB_BUTS_MARQUES], [NB_BUTS_ENCAISSES], [DIFFERENCE_BUTS], [NB_POINTS], [CLASSEMENT_GROUPE]) VALUES (1223, N'C', 3, 0, 0, 3, 0, 5, -5, 0, 4)
GO
INSERT [FOOTEDC].[EQUIPES] ([ID_EQUIPE], [CODE_GROUPE], [NB_MATCHS_JOUES], [NB_MATCHS_GAGNES], [NB_MATCHS_NULS], [NB_MATCHS_PERDUS], [NB_BUTS_MARQUES], [NB_BUTS_ENCAISSES], [DIFFERENCE_BUTS], [NB_POINTS], [CLASSEMENT_GROUPE]) VALUES (1224, N'B', 3, 2, 0, 1, 6, 3, 3, 6, 1)
GO
INSERT [FOOTEDC].[MATCH_SYNTHESE] ([ID_MATCH], [ETAPE_COMPETITION], [DATE_MATCH], [RESULTAT], [DECISION], [SCORE], [ID_STADE], [ID_ARBITRE], [NB_SPECTATEURS], [ID_JOUEUR_MATCH], [NBSEC_ARRET_JEU_1PERIODE], [NBSEC_ARRET_JEU_2PERIODE]) VALUES (1, N'G', CAST(N'2016-06-11' AS Date), N'VICTOIRE', N'N', N'2-1', 20008, 70007, 75113, 160154, 131, 242)
GO
INSERT [FOOTEDC].[MATCH_SYNTHESE] ([ID_MATCH], [ETAPE_COMPETITION], [DATE_MATCH], [RESULTAT], [DECISION], [SCORE], [ID_STADE], [ID_ARBITRE], [NB_SPECTATEURS], [ID_JOUEUR_MATCH], [NBSEC_ARRET_JEU_1PERIODE], [NBSEC_ARRET_JEU_2PERIODE]) VALUES (2, N'G', CAST(N'2016-06-11' AS Date), N'VICTOIRE', N'N', N'0-1', 20002, 70012, 33805, 160476, 61, 182)
GO
INSERT [FOOTEDC].[MATCH_SYNTHESE] ([ID_MATCH], [ETAPE_COMPETITION], [DATE_MATCH], [RESULTAT], [DECISION], [SCORE], [ID_STADE], [ID_ARBITRE], [NB_SPECTATEURS], [ID_JOUEUR_MATCH], [NBSEC_ARRET_JEU_1PERIODE], [NBSEC_ARRET_JEU_2PERIODE]) VALUES (3, N'G', CAST(N'2016-06-11' AS Date), N'VICTOIRE', N'N', N'2-1', 20001, 70017, 37831, 160540, 64, 268)
GO
INSERT [FOOTEDC].[MATCH_SYNTHESE] ([ID_MATCH], [ETAPE_COMPETITION], [DATE_MATCH], [RESULTAT], [DECISION], [SCORE], [ID_STADE], [ID_ARBITRE], [NB_SPECTATEURS], [ID_JOUEUR_MATCH], [NBSEC_ARRET_JEU_1PERIODE], [NBSEC_ARRET_JEU_2PERIODE]) VALUES (4, N'G', CAST(N'2016-06-12' AS Date), N'EGALITE', N'N', N'1-1', 20005, 70011, 62343, 160128, 0, 185)
GO
INSERT [FOOTEDC].[MATCH_SYNTHESE] ([ID_MATCH], [ETAPE_COMPETITION], [DATE_MATCH], [RESULTAT], [DECISION], [SCORE], [ID_STADE], [ID_ARBITRE], [NB_SPECTATEURS], [ID_JOUEUR_MATCH], [NBSEC_ARRET_JEU_1PERIODE], [NBSEC_ARRET_JEU_2PERIODE]) VALUES (5, N'G', CAST(N'2016-06-12' AS Date), N'VICTOIRE', N'N', N'0-1', 20007, 70006, 43842, 160084, 125, 325)
GO
INSERT [FOOTEDC].[MATCH_SYNTHESE] ([ID_MATCH], [ETAPE_COMPETITION], [DATE_MATCH], [RESULTAT], [DECISION], [SCORE], [ID_STADE], [ID_ARBITRE], [NB_SPECTATEURS], [ID_JOUEUR_MATCH], [NBSEC_ARRET_JEU_1PERIODE], [NBSEC_ARRET_JEU_2PERIODE]) VALUES (6, N'G', CAST(N'2016-06-12' AS Date), N'VICTOIRE', N'N', N'1-0', 20006, 70014, 33742, 160291, 2, 246)
GO
INSERT [FOOTEDC].[MATCH_SYNTHESE] ([ID_MATCH], [ETAPE_COMPETITION], [DATE_MATCH], [RESULTAT], [DECISION], [SCORE], [ID_STADE], [ID_ARBITRE], [NB_SPECTATEURS], [ID_JOUEUR_MATCH], [NBSEC_ARRET_JEU_1PERIODE], [NBSEC_ARRET_JEU_2PERIODE]) VALUES (7, N'G', CAST(N'2016-06-13' AS Date), N'VICTOIRE', N'N', N'2-0', 20003, 70002, 43035, 160176, 89, 188)
GO
INSERT [FOOTEDC].[MATCH_SYNTHESE] ([ID_MATCH], [ETAPE_COMPETITION], [DATE_MATCH], [RESULTAT], [DECISION], [SCORE], [ID_STADE], [ID_ARBITRE], [NB_SPECTATEURS], [ID_JOUEUR_MATCH], [NBSEC_ARRET_JEU_1PERIODE], [NBSEC_ARRET_JEU_2PERIODE]) VALUES (8, N'G', CAST(N'2016-06-13' AS Date), N'VICTOIRE', N'N', N'1-0', 20010, 70009, 29400, 160429, 360, 182)
GO
INSERT [FOOTEDC].[MATCH_SYNTHESE] ([ID_MATCH], [ETAPE_COMPETITION], [DATE_MATCH], [RESULTAT], [DECISION], [SCORE], [ID_STADE], [ID_ARBITRE], [NB_SPECTATEURS], [ID_JOUEUR_MATCH], [NBSEC_ARRET_JEU_1PERIODE], [NBSEC_ARRET_JEU_2PERIODE]) VALUES (9, N'G', CAST(N'2016-06-13' AS Date), N'EGALITE', N'N', N'1-1', 20008, 70010, 73419, 160335, 67, 194)
GO
INSERT [FOOTEDC].[MATCH_SYNTHESE] ([ID_MATCH], [ETAPE_COMPETITION], [DATE_MATCH], [RESULTAT], [DECISION], [SCORE], [ID_STADE], [ID_ARBITRE], [NB_SPECTATEURS], [ID_JOUEUR_MATCH], [NBSEC_ARRET_JEU_1PERIODE], [NBSEC_ARRET_JEU_2PERIODE]) VALUES (10, N'G', CAST(N'2016-06-14' AS Date), N'VICTOIRE', N'N', N'0-2', 20004, 70005, 55408, 160244, 63, 189)
GO
INSERT [FOOTEDC].[MATCH_SYNTHESE] ([ID_MATCH], [ETAPE_COMPETITION], [DATE_MATCH], [RESULTAT], [DECISION], [SCORE], [ID_STADE], [ID_ARBITRE], [NB_SPECTATEURS], [ID_JOUEUR_MATCH], [NBSEC_ARRET_JEU_1PERIODE], [NBSEC_ARRET_JEU_2PERIODE]) VALUES (11, N'G', CAST(N'2016-06-14' AS Date), N'VICTOIRE', N'N', N'0-2', 20001, 70018, 34424, 160197, 61, 305)
GO
INSERT [FOOTEDC].[MATCH_SYNTHESE] ([ID_MATCH], [ETAPE_COMPETITION], [DATE_MATCH], [RESULTAT], [DECISION], [SCORE], [ID_STADE], [ID_ARBITRE], [NB_SPECTATEURS], [ID_JOUEUR_MATCH], [NBSEC_ARRET_JEU_1PERIODE], [NBSEC_ARRET_JEU_2PERIODE]) VALUES (12, N'G', CAST(N'2016-06-15' AS Date), N'EGALITE', N'N', N'1-1', 20009, 70004, 38742, 160320, 15, 284)
GO
INSERT [FOOTEDC].[MATCH_SYNTHESE] ([ID_MATCH], [ETAPE_COMPETITION], [DATE_MATCH], [RESULTAT], [DECISION], [SCORE], [ID_STADE], [ID_ARBITRE], [NB_SPECTATEURS], [ID_JOUEUR_MATCH], [NBSEC_ARRET_JEU_1PERIODE], [NBSEC_ARRET_JEU_2PERIODE]) VALUES (13, N'G', CAST(N'2016-06-15' AS Date), N'VICTOIRE', N'N', N'1-2', 20003, 70001, 38989, 160405, 62, 189)
GO
INSERT [FOOTEDC].[MATCH_SYNTHESE] ([ID_MATCH], [ETAPE_COMPETITION], [DATE_MATCH], [RESULTAT], [DECISION], [SCORE], [ID_STADE], [ID_ARBITRE], [NB_SPECTATEURS], [ID_JOUEUR_MATCH], [NBSEC_ARRET_JEU_1PERIODE], [NBSEC_ARRET_JEU_2PERIODE]) VALUES (14, N'G', CAST(N'2016-06-15' AS Date), N'EGALITE', N'N', N'1-1', 20007, 70015, 43576, 160477, 74, 206)
GO
INSERT [FOOTEDC].[MATCH_SYNTHESE] ([ID_MATCH], [ETAPE_COMPETITION], [DATE_MATCH], [RESULTAT], [DECISION], [SCORE], [ID_STADE], [ID_ARBITRE], [NB_SPECTATEURS], [ID_JOUEUR_MATCH], [NBSEC_ARRET_JEU_1PERIODE], [NBSEC_ARRET_JEU_2PERIODE]) VALUES (15, N'G', CAST(N'2016-06-16' AS Date), N'VICTOIRE', N'N', N'2-0', 20005, 70013, 63670, 160154, 71, 374)
GO
INSERT [FOOTEDC].[MATCH_SYNTHESE] ([ID_MATCH], [ETAPE_COMPETITION], [DATE_MATCH], [RESULTAT], [DECISION], [SCORE], [ID_STADE], [ID_ARBITRE], [NB_SPECTATEURS], [ID_JOUEUR_MATCH], [NBSEC_ARRET_JEU_1PERIODE], [NBSEC_ARRET_JEU_2PERIODE]) VALUES (16, N'G', CAST(N'2016-06-16' AS Date), N'VICTOIRE', N'N', N'2-1', 20002, 70003, 34033, 160540, 62, 212)
GO
INSERT [FOOTEDC].[MATCH_SYNTHESE] ([ID_MATCH], [ETAPE_COMPETITION], [DATE_MATCH], [RESULTAT], [DECISION], [SCORE], [ID_STADE], [ID_ARBITRE], [NB_SPECTATEURS], [ID_JOUEUR_MATCH], [NBSEC_ARRET_JEU_1PERIODE], [NBSEC_ARRET_JEU_2PERIODE]) VALUES (17, N'G', CAST(N'2016-06-16' AS Date), N'VICTOIRE', N'N', N'0-2', 20004, 70016, 51043, 160262, 7, 411)
GO
INSERT [FOOTEDC].[MATCH_SYNTHESE] ([ID_MATCH], [ETAPE_COMPETITION], [DATE_MATCH], [RESULTAT], [DECISION], [SCORE], [ID_STADE], [ID_ARBITRE], [NB_SPECTATEURS], [ID_JOUEUR_MATCH], [NBSEC_ARRET_JEU_1PERIODE], [NBSEC_ARRET_JEU_2PERIODE]) VALUES (18, N'G', CAST(N'2016-06-17' AS Date), N'EGALITE', N'N', N'0-0', 20008, 70008, 73648, 160165, 6, 208)
GO
INSERT [FOOTEDC].[MATCH_SYNTHESE] ([ID_MATCH], [ETAPE_COMPETITION], [DATE_MATCH], [RESULTAT], [DECISION], [SCORE], [ID_STADE], [ID_ARBITRE], [NB_SPECTATEURS], [ID_JOUEUR_MATCH], [NBSEC_ARRET_JEU_1PERIODE], [NBSEC_ARRET_JEU_2PERIODE]) VALUES (19, N'G', CAST(N'2016-06-17' AS Date), N'VICTOIRE', N'N', N'1-0', 20010, 70007, 29600, 160248, 2, 264)
GO
INSERT [FOOTEDC].[MATCH_SYNTHESE] ([ID_MATCH], [ETAPE_COMPETITION], [DATE_MATCH], [RESULTAT], [DECISION], [SCORE], [ID_STADE], [ID_ARBITRE], [NB_SPECTATEURS], [ID_JOUEUR_MATCH], [NBSEC_ARRET_JEU_1PERIODE], [NBSEC_ARRET_JEU_2PERIODE]) VALUES (20, N'G', CAST(N'2016-06-17' AS Date), N'EGALITE', N'N', N'2-2', 20009, 70005, 38376, 160086, 71, 280)
GO
INSERT [FOOTEDC].[MATCH_SYNTHESE] ([ID_MATCH], [ETAPE_COMPETITION], [DATE_MATCH], [RESULTAT], [DECISION], [SCORE], [ID_STADE], [ID_ARBITRE], [NB_SPECTATEURS], [ID_JOUEUR_MATCH], [NBSEC_ARRET_JEU_1PERIODE], [NBSEC_ARRET_JEU_2PERIODE]) VALUES (21, N'G', CAST(N'2016-06-18' AS Date), N'VICTOIRE', N'N', N'3-0', 20006, 70010, 33409, 160429, 84, 120)
GO
INSERT [FOOTEDC].[MATCH_SYNTHESE] ([ID_MATCH], [ETAPE_COMPETITION], [DATE_MATCH], [RESULTAT], [DECISION], [SCORE], [ID_STADE], [ID_ARBITRE], [NB_SPECTATEURS], [ID_JOUEUR_MATCH], [NBSEC_ARRET_JEU_1PERIODE], [NBSEC_ARRET_JEU_2PERIODE]) VALUES (22, N'G', CAST(N'2016-06-18' AS Date), N'VICTOIRE', N'N', N'3-0', 20001, 70004, 39493, 160064, 11, 180)
GO
INSERT [FOOTEDC].[MATCH_SYNTHESE] ([ID_MATCH], [ETAPE_COMPETITION], [DATE_MATCH], [RESULTAT], [DECISION], [SCORE], [ID_STADE], [ID_ARBITRE], [NB_SPECTATEURS], [ID_JOUEUR_MATCH], [NBSEC_ARRET_JEU_1PERIODE], [NBSEC_ARRET_JEU_2PERIODE]) VALUES (23, N'G', CAST(N'2016-06-18' AS Date), N'EGALITE', N'N', N'1-1', 20005, 70015, 60842, 160230, 61, 280)
GO
INSERT [FOOTEDC].[MATCH_SYNTHESE] ([ID_MATCH], [ETAPE_COMPETITION], [DATE_MATCH], [RESULTAT], [DECISION], [SCORE], [ID_STADE], [ID_ARBITRE], [NB_SPECTATEURS], [ID_JOUEUR_MATCH], [NBSEC_ARRET_JEU_1PERIODE], [NBSEC_ARRET_JEU_2PERIODE]) VALUES (24, N'G', CAST(N'2016-06-19' AS Date), N'EGALITE', N'N', N'0-0', 20007, 70011, 44291, 160314, 3, 200)
GO
INSERT [FOOTEDC].[MATCH_SYNTHESE] ([ID_MATCH], [ETAPE_COMPETITION], [DATE_MATCH], [RESULTAT], [DECISION], [SCORE], [ID_STADE], [ID_ARBITRE], [NB_SPECTATEURS], [ID_JOUEUR_MATCH], [NBSEC_ARRET_JEU_1PERIODE], [NBSEC_ARRET_JEU_2PERIODE]) VALUES (25, N'G', CAST(N'2016-06-20' AS Date), N'VICTOIRE', N'N', N'0-1', 20004, 70016, 49752, 160005, 125, 328)
GO
INSERT [FOOTEDC].[MATCH_SYNTHESE] ([ID_MATCH], [ETAPE_COMPETITION], [DATE_MATCH], [RESULTAT], [DECISION], [SCORE], [ID_STADE], [ID_ARBITRE], [NB_SPECTATEURS], [ID_JOUEUR_MATCH], [NBSEC_ARRET_JEU_1PERIODE], [NBSEC_ARRET_JEU_2PERIODE]) VALUES (26, N'G', CAST(N'2016-06-20' AS Date), N'EGALITE', N'N', N'0-0', 20003, 70001, 45616, 160463, 60, 122)
GO
INSERT [FOOTEDC].[MATCH_SYNTHESE] ([ID_MATCH], [ETAPE_COMPETITION], [DATE_MATCH], [RESULTAT], [DECISION], [SCORE], [ID_STADE], [ID_ARBITRE], [NB_SPECTATEURS], [ID_JOUEUR_MATCH], [NBSEC_ARRET_JEU_1PERIODE], [NBSEC_ARRET_JEU_2PERIODE]) VALUES (27, N'G', CAST(N'2016-06-21' AS Date), N'VICTOIRE', N'N', N'0-3', 20010, 70006, 28840, 160544, 62, 119)
GO
INSERT [FOOTEDC].[MATCH_SYNTHESE] ([ID_MATCH], [ETAPE_COMPETITION], [DATE_MATCH], [RESULTAT], [DECISION], [SCORE], [ID_STADE], [ID_ARBITRE], [NB_SPECTATEURS], [ID_JOUEUR_MATCH], [NBSEC_ARRET_JEU_1PERIODE], [NBSEC_ARRET_JEU_2PERIODE]) VALUES (28, N'G', CAST(N'2016-06-21' AS Date), N'EGALITE', N'N', N'0-0', 20009, 70012, 39051, 160392, 62, 301)
GO
INSERT [FOOTEDC].[MATCH_SYNTHESE] ([ID_MATCH], [ETAPE_COMPETITION], [DATE_MATCH], [RESULTAT], [DECISION], [SCORE], [ID_STADE], [ID_ARBITRE], [NB_SPECTATEURS], [ID_JOUEUR_MATCH], [NBSEC_ARRET_JEU_1PERIODE], [NBSEC_ARRET_JEU_2PERIODE]) VALUES (29, N'G', CAST(N'2016-06-21' AS Date), N'VICTOIRE', N'N', N'0-1', 20005, 70017, 58874, 160520, 29, 244)
GO
INSERT [FOOTEDC].[MATCH_SYNTHESE] ([ID_MATCH], [ETAPE_COMPETITION], [DATE_MATCH], [RESULTAT], [DECISION], [SCORE], [ID_STADE], [ID_ARBITRE], [NB_SPECTATEURS], [ID_JOUEUR_MATCH], [NBSEC_ARRET_JEU_1PERIODE], [NBSEC_ARRET_JEU_2PERIODE]) VALUES (30, N'G', CAST(N'2016-06-21' AS Date), N'VICTOIRE', N'N', N'0-1', 20007, 70018, 44125, 160177, 21, 195)
GO
INSERT [FOOTEDC].[MATCH_SYNTHESE] ([ID_MATCH], [ETAPE_COMPETITION], [DATE_MATCH], [RESULTAT], [DECISION], [SCORE], [ID_STADE], [ID_ARBITRE], [NB_SPECTATEURS], [ID_JOUEUR_MATCH], [NBSEC_ARRET_JEU_1PERIODE], [NBSEC_ARRET_JEU_2PERIODE]) VALUES (31, N'G', CAST(N'2016-06-22' AS Date), N'VICTOIRE', N'N', N'0-2', 20002, 70013, 32836, 160504, 60, 300)
GO
INSERT [FOOTEDC].[MATCH_SYNTHESE] ([ID_MATCH], [ETAPE_COMPETITION], [DATE_MATCH], [RESULTAT], [DECISION], [SCORE], [ID_STADE], [ID_ARBITRE], [NB_SPECTATEURS], [ID_JOUEUR_MATCH], [NBSEC_ARRET_JEU_1PERIODE], [NBSEC_ARRET_JEU_2PERIODE]) VALUES (32, N'G', CAST(N'2016-06-22' AS Date), N'VICTOIRE', N'N', N'2-1', 20001, 70008, 37245, 160085, 70, 282)
GO
INSERT [FOOTEDC].[MATCH_SYNTHESE] ([ID_MATCH], [ETAPE_COMPETITION], [DATE_MATCH], [RESULTAT], [DECISION], [SCORE], [ID_STADE], [ID_ARBITRE], [NB_SPECTATEURS], [ID_JOUEUR_MATCH], [NBSEC_ARRET_JEU_1PERIODE], [NBSEC_ARRET_JEU_2PERIODE]) VALUES (33, N'G', CAST(N'2016-06-22' AS Date), N'VICTOIRE', N'N', N'2-1', 20008, 70009, 68714, 160220, 7, 244)
GO
INSERT [FOOTEDC].[MATCH_SYNTHESE] ([ID_MATCH], [ETAPE_COMPETITION], [DATE_MATCH], [RESULTAT], [DECISION], [SCORE], [ID_STADE], [ID_ARBITRE], [NB_SPECTATEURS], [ID_JOUEUR_MATCH], [NBSEC_ARRET_JEU_1PERIODE], [NBSEC_ARRET_JEU_2PERIODE]) VALUES (34, N'G', CAST(N'2016-06-22' AS Date), N'EGALITE', N'N', N'3-3', 20004, 70002, 55514, 160322, 70, 185)
GO
INSERT [FOOTEDC].[MATCH_SYNTHESE] ([ID_MATCH], [ETAPE_COMPETITION], [DATE_MATCH], [RESULTAT], [DECISION], [SCORE], [ID_STADE], [ID_ARBITRE], [NB_SPECTATEURS], [ID_JOUEUR_MATCH], [NBSEC_ARRET_JEU_1PERIODE], [NBSEC_ARRET_JEU_2PERIODE]) VALUES (35, N'G', CAST(N'2016-06-23' AS Date), N'VICTOIRE', N'N', N'0-1', 20003, 70014, 44268, 160333, 79, 221)
GO
INSERT [FOOTEDC].[MATCH_SYNTHESE] ([ID_MATCH], [ETAPE_COMPETITION], [DATE_MATCH], [RESULTAT], [DECISION], [SCORE], [ID_STADE], [ID_ARBITRE], [NB_SPECTATEURS], [ID_JOUEUR_MATCH], [NBSEC_ARRET_JEU_1PERIODE], [NBSEC_ARRET_JEU_2PERIODE]) VALUES (36, N'G', CAST(N'2016-06-23' AS Date), N'VICTOIRE', N'N', N'0-1', 20006, 70003, 34011, 160062, 63, 195)
GO
INSERT [FOOTEDC].[MATCH_SYNTHESE] ([ID_MATCH], [ETAPE_COMPETITION], [DATE_MATCH], [RESULTAT], [DECISION], [SCORE], [ID_STADE], [ID_ARBITRE], [NB_SPECTATEURS], [ID_JOUEUR_MATCH], [NBSEC_ARRET_JEU_1PERIODE], [NBSEC_ARRET_JEU_2PERIODE]) VALUES (37, N'R', CAST(N'2016-06-25' AS Date), N'VICTOIRE', N'P', N'1-1', 20009, 70005, 38842, 160476, 126, 243)
GO
INSERT [FOOTEDC].[MATCH_SYNTHESE] ([ID_MATCH], [ETAPE_COMPETITION], [DATE_MATCH], [RESULTAT], [DECISION], [SCORE], [ID_STADE], [ID_ARBITRE], [NB_SPECTATEURS], [ID_JOUEUR_MATCH], [NBSEC_ARRET_JEU_1PERIODE], [NBSEC_ARRET_JEU_2PERIODE]) VALUES (38, N'R', CAST(N'2016-06-25' AS Date), N'VICTOIRE', N'N', N'1-0', 20007, 70002, 44342, 160547, 5, 245)
GO
INSERT [FOOTEDC].[MATCH_SYNTHESE] ([ID_MATCH], [ETAPE_COMPETITION], [DATE_MATCH], [RESULTAT], [DECISION], [SCORE], [ID_STADE], [ID_ARBITRE], [NB_SPECTATEURS], [ID_JOUEUR_MATCH], [NBSEC_ARRET_JEU_1PERIODE], [NBSEC_ARRET_JEU_2PERIODE]) VALUES (39, N'R', CAST(N'2016-06-26' AS Date), N'VICTOIRE', N'N', N'0-1', 20002, 70012, 33523, 160316, 61, 198)
GO
INSERT [FOOTEDC].[MATCH_SYNTHESE] ([ID_MATCH], [ETAPE_COMPETITION], [DATE_MATCH], [RESULTAT], [DECISION], [SCORE], [ID_STADE], [ID_ARBITRE], [NB_SPECTATEURS], [ID_JOUEUR_MATCH], [NBSEC_ARRET_JEU_1PERIODE], [NBSEC_ARRET_JEU_2PERIODE]) VALUES (40, N'R', CAST(N'2016-06-26' AS Date), N'VICTOIRE', N'N', N'2-1', 20004, 70011, 56279, 160160, 238, 203)
GO
INSERT [FOOTEDC].[MATCH_SYNTHESE] ([ID_MATCH], [ETAPE_COMPETITION], [DATE_MATCH], [RESULTAT], [DECISION], [SCORE], [ID_STADE], [ID_ARBITRE], [NB_SPECTATEURS], [ID_JOUEUR_MATCH], [NBSEC_ARRET_JEU_1PERIODE], [NBSEC_ARRET_JEU_2PERIODE]) VALUES (41, N'R', CAST(N'2016-06-26' AS Date), N'VICTOIRE', N'N', N'2-1', 20003, 70009, 44312, 160173, 62, 124)
GO
INSERT [FOOTEDC].[MATCH_SYNTHESE] ([ID_MATCH], [ETAPE_COMPETITION], [DATE_MATCH], [RESULTAT], [DECISION], [SCORE], [ID_STADE], [ID_ARBITRE], [NB_SPECTATEURS], [ID_JOUEUR_MATCH], [NBSEC_ARRET_JEU_1PERIODE], [NBSEC_ARRET_JEU_2PERIODE]) VALUES (42, N'R', CAST(N'2016-06-27' AS Date), N'VICTOIRE', N'N', N'0-4', 20010, 70010, 28921, 160062, 3, 133)
GO
INSERT [FOOTEDC].[MATCH_SYNTHESE] ([ID_MATCH], [ETAPE_COMPETITION], [DATE_MATCH], [RESULTAT], [DECISION], [SCORE], [ID_STADE], [ID_ARBITRE], [NB_SPECTATEURS], [ID_JOUEUR_MATCH], [NBSEC_ARRET_JEU_1PERIODE], [NBSEC_ARRET_JEU_2PERIODE]) VALUES (43, N'R', CAST(N'2016-06-27' AS Date), N'VICTOIRE', N'N', N'2-0', 20008, 70004, 76165, 160235, 63, 243)
GO
INSERT [FOOTEDC].[MATCH_SYNTHESE] ([ID_MATCH], [ETAPE_COMPETITION], [DATE_MATCH], [RESULTAT], [DECISION], [SCORE], [ID_STADE], [ID_ARBITRE], [NB_SPECTATEURS], [ID_JOUEUR_MATCH], [NBSEC_ARRET_JEU_1PERIODE], [NBSEC_ARRET_JEU_2PERIODE]) VALUES (44, N'R', CAST(N'2016-06-28' AS Date), N'VICTOIRE', N'N', N'1-2', 20006, 70001, 33901, 160217, 5, 199)
GO
INSERT [FOOTEDC].[MATCH_SYNTHESE] ([ID_MATCH], [ETAPE_COMPETITION], [DATE_MATCH], [RESULTAT], [DECISION], [SCORE], [ID_STADE], [ID_ARBITRE], [NB_SPECTATEURS], [ID_JOUEUR_MATCH], [NBSEC_ARRET_JEU_1PERIODE], [NBSEC_ARRET_JEU_2PERIODE]) VALUES (45, N'Q', CAST(N'2016-07-01' AS Date), N'VICTOIRE', N'P', N'1-1', 20005, 70003, 62940, 160316, 58, 181)
GO
INSERT [FOOTEDC].[MATCH_SYNTHESE] ([ID_MATCH], [ETAPE_COMPETITION], [DATE_MATCH], [RESULTAT], [DECISION], [SCORE], [ID_STADE], [ID_ARBITRE], [NB_SPECTATEURS], [ID_JOUEUR_MATCH], [NBSEC_ARRET_JEU_1PERIODE], [NBSEC_ARRET_JEU_2PERIODE]) VALUES (46, N'Q', CAST(N'2016-07-02' AS Date), N'VICTOIRE', N'N', N'3-1', 20003, 70001, 45936, 160550, 14, 182)
GO
INSERT [FOOTEDC].[MATCH_SYNTHESE] ([ID_MATCH], [ETAPE_COMPETITION], [DATE_MATCH], [RESULTAT], [DECISION], [SCORE], [ID_STADE], [ID_ARBITRE], [NB_SPECTATEURS], [ID_JOUEUR_MATCH], [NBSEC_ARRET_JEU_1PERIODE], [NBSEC_ARRET_JEU_2PERIODE]) VALUES (47, N'Q', CAST(N'2016-07-03' AS Date), N'VICTOIRE', N'P', N'1-1', 20001, 70007, 38764, 160163, 63, 181)
GO
INSERT [FOOTEDC].[MATCH_SYNTHESE] ([ID_MATCH], [ETAPE_COMPETITION], [DATE_MATCH], [RESULTAT], [DECISION], [SCORE], [ID_STADE], [ID_ARBITRE], [NB_SPECTATEURS], [ID_JOUEUR_MATCH], [NBSEC_ARRET_JEU_1PERIODE], [NBSEC_ARRET_JEU_2PERIODE]) VALUES (48, N'Q', CAST(N'2016-07-04' AS Date), N'VICTOIRE', N'N', N'5-2', 20008, 70008, 76833, 160159, 16, 125)
GO
INSERT [FOOTEDC].[MATCH_SYNTHESE] ([ID_MATCH], [ETAPE_COMPETITION], [DATE_MATCH], [RESULTAT], [DECISION], [SCORE], [ID_STADE], [ID_ARBITRE], [NB_SPECTATEURS], [ID_JOUEUR_MATCH], [NBSEC_ARRET_JEU_1PERIODE], [NBSEC_ARRET_JEU_2PERIODE]) VALUES (49, N'S', CAST(N'2016-07-07' AS Date), N'VICTOIRE', N'N', N'2-0', 20004, 70006, 55679, 160322, 2, 181)
GO
INSERT [FOOTEDC].[MATCH_SYNTHESE] ([ID_MATCH], [ETAPE_COMPETITION], [DATE_MATCH], [RESULTAT], [DECISION], [SCORE], [ID_STADE], [ID_ARBITRE], [NB_SPECTATEURS], [ID_JOUEUR_MATCH], [NBSEC_ARRET_JEU_1PERIODE], [NBSEC_ARRET_JEU_2PERIODE]) VALUES (50, N'S', CAST(N'2016-07-08' AS Date), N'VICTOIRE', N'N', N'2-0', 20005, 70011, 64078, 160160, 126, 275)
GO
INSERT [FOOTEDC].[MATCH_SYNTHESE] ([ID_MATCH], [ETAPE_COMPETITION], [DATE_MATCH], [RESULTAT], [DECISION], [SCORE], [ID_STADE], [ID_ARBITRE], [NB_SPECTATEURS], [ID_JOUEUR_MATCH], [NBSEC_ARRET_JEU_1PERIODE], [NBSEC_ARRET_JEU_2PERIODE]) VALUES (51, N'F', CAST(N'2016-07-11' AS Date), N'VICTOIRE', N'N', N'1-0', 20008, 70005, 75868, 160307, 161, 181)
GO

GO
INSERT [FOOTEDC].[MATCH_DETAIL] ([ID_MATCH], [ETAPE_COMPETITION], [ID_EQUIPE], [RESULTAT], [DECISION], [SCORE], [SCORE_PENALTY], [ID_ARBITRE_ASSISTANT], [ID_JOUEUR_GARDIEN]) VALUES (1, N'G', 1207, N'VICTOIRE', N'N', 2, NULL, 80016, 160140)
GO
INSERT [FOOTEDC].[MATCH_DETAIL] ([ID_MATCH], [ETAPE_COMPETITION], [ID_EQUIPE], [RESULTAT], [DECISION], [SCORE], [SCORE_PENALTY], [ID_ARBITRE_ASSISTANT], [ID_JOUEUR_GARDIEN]) VALUES (1, N'G', 1216, N'DEFAITE', N'N', 1, NULL, 80020, 160348)
GO
INSERT [FOOTEDC].[MATCH_DETAIL] ([ID_MATCH], [ETAPE_COMPETITION], [ID_EQUIPE], [RESULTAT], [DECISION], [SCORE], [SCORE_PENALTY], [ID_ARBITRE_ASSISTANT], [ID_JOUEUR_GARDIEN]) VALUES (2, N'G', 1201, N'DEFAITE', N'N', 0, NULL, 80003, 160001)
GO
INSERT [FOOTEDC].[MATCH_DETAIL] ([ID_MATCH], [ETAPE_COMPETITION], [ID_EQUIPE], [RESULTAT], [DECISION], [SCORE], [SCORE_PENALTY], [ID_ARBITRE_ASSISTANT], [ID_JOUEUR_GARDIEN]) VALUES (2, N'G', 1221, N'VICTOIRE', N'N', 1, NULL, 80023, 160463)
GO
INSERT [FOOTEDC].[MATCH_DETAIL] ([ID_MATCH], [ETAPE_COMPETITION], [ID_EQUIPE], [RESULTAT], [DECISION], [SCORE], [SCORE_PENALTY], [ID_ARBITRE_ASSISTANT], [ID_JOUEUR_GARDIEN]) VALUES (3, N'G', 1224, N'VICTOIRE', N'N', 2, NULL, 80031, 160532)
GO
INSERT [FOOTEDC].[MATCH_DETAIL] ([ID_MATCH], [ETAPE_COMPETITION], [ID_EQUIPE], [RESULTAT], [DECISION], [SCORE], [SCORE_PENALTY], [ID_ARBITRE_ASSISTANT], [ID_JOUEUR_GARDIEN]) VALUES (3, N'G', 1218, N'DEFAITE', N'N', 1, NULL, 80025, 160392)
GO
INSERT [FOOTEDC].[MATCH_DETAIL] ([ID_MATCH], [ETAPE_COMPETITION], [ID_EQUIPE], [RESULTAT], [DECISION], [SCORE], [SCORE_PENALTY], [ID_ARBITRE_ASSISTANT], [ID_JOUEUR_GARDIEN]) VALUES (4, N'G', 1206, N'EGALITE', N'N', 1, NULL, 80008, 160117)
GO
INSERT [FOOTEDC].[MATCH_DETAIL] ([ID_MATCH], [ETAPE_COMPETITION], [ID_EQUIPE], [RESULTAT], [DECISION], [SCORE], [SCORE_PENALTY], [ID_ARBITRE_ASSISTANT], [ID_JOUEUR_GARDIEN]) VALUES (4, N'G', 1217, N'EGALITE', N'N', 1, NULL, 80019, 160369)
GO
INSERT [FOOTEDC].[MATCH_DETAIL] ([ID_MATCH], [ETAPE_COMPETITION], [ID_EQUIPE], [RESULTAT], [DECISION], [SCORE], [SCORE_PENALTY], [ID_ARBITRE_ASSISTANT], [ID_JOUEUR_GARDIEN]) VALUES (5, N'G', 1222, N'DEFAITE', N'N', 0, NULL, 80011, 160486)
GO
INSERT [FOOTEDC].[MATCH_DETAIL] ([ID_MATCH], [ETAPE_COMPETITION], [ID_EQUIPE], [RESULTAT], [DECISION], [SCORE], [SCORE_PENALTY], [ID_ARBITRE_ASSISTANT], [ID_JOUEUR_GARDIEN]) VALUES (5, N'G', 1204, N'VICTOIRE', N'N', 1, NULL, 80022, 160071)
GO
INSERT [FOOTEDC].[MATCH_DETAIL] ([ID_MATCH], [ETAPE_COMPETITION], [ID_EQUIPE], [RESULTAT], [DECISION], [SCORE], [SCORE_PENALTY], [ID_ARBITRE_ASSISTANT], [ID_JOUEUR_GARDIEN]) VALUES (6, N'G', 1213, N'VICTOIRE', N'N', 1, NULL, 80036, 160279)
GO
INSERT [FOOTEDC].[MATCH_DETAIL] ([ID_MATCH], [ETAPE_COMPETITION], [ID_EQUIPE], [RESULTAT], [DECISION], [SCORE], [SCORE_PENALTY], [ID_ARBITRE_ASSISTANT], [ID_JOUEUR_GARDIEN]) VALUES (6, N'G', 1212, N'DEFAITE', N'N', 0, NULL, 80029, 160256)
GO
INSERT [FOOTEDC].[MATCH_DETAIL] ([ID_MATCH], [ETAPE_COMPETITION], [ID_EQUIPE], [RESULTAT], [DECISION], [SCORE], [SCORE_PENALTY], [ID_ARBITRE_ASSISTANT], [ID_JOUEUR_GARDIEN]) VALUES (7, N'G', 1208, N'VICTOIRE', N'N', 2, NULL, 80014, 160163)
GO
INSERT [FOOTEDC].[MATCH_DETAIL] ([ID_MATCH], [ETAPE_COMPETITION], [ID_EQUIPE], [RESULTAT], [DECISION], [SCORE], [SCORE_PENALTY], [ID_ARBITRE_ASSISTANT], [ID_JOUEUR_GARDIEN]) VALUES (7, N'G', 1223, N'DEFAITE', N'N', 0, NULL, 80006, 160508)
GO
INSERT [FOOTEDC].[MATCH_DETAIL] ([ID_MATCH], [ETAPE_COMPETITION], [ID_EQUIPE], [RESULTAT], [DECISION], [SCORE], [SCORE_PENALTY], [ID_ARBITRE_ASSISTANT], [ID_JOUEUR_GARDIEN]) VALUES (8, N'G', 1219, N'VICTOIRE', N'N', 1, NULL, 80018, 160416)
GO
INSERT [FOOTEDC].[MATCH_DETAIL] ([ID_MATCH], [ETAPE_COMPETITION], [ID_EQUIPE], [RESULTAT], [DECISION], [SCORE], [SCORE_PENALTY], [ID_ARBITRE_ASSISTANT], [ID_JOUEUR_GARDIEN]) VALUES (8, N'G', 1205, N'DEFAITE', N'N', 0, NULL, 80012, 160093)
GO
INSERT [FOOTEDC].[MATCH_DETAIL] ([ID_MATCH], [ETAPE_COMPETITION], [ID_EQUIPE], [RESULTAT], [DECISION], [SCORE], [SCORE_PENALTY], [ID_ARBITRE_ASSISTANT], [ID_JOUEUR_GARDIEN]) VALUES (9, N'G', 1215, N'EGALITE', N'N', 1, NULL, 80017, 160324)
GO
INSERT [FOOTEDC].[MATCH_DETAIL] ([ID_MATCH], [ETAPE_COMPETITION], [ID_EQUIPE], [RESULTAT], [DECISION], [SCORE], [SCORE_PENALTY], [ID_ARBITRE_ASSISTANT], [ID_JOUEUR_GARDIEN]) VALUES (9, N'G', 1220, N'EGALITE', N'N', 1, NULL, 80010, 160439)
GO
INSERT [FOOTEDC].[MATCH_DETAIL] ([ID_MATCH], [ETAPE_COMPETITION], [ID_EQUIPE], [RESULTAT], [DECISION], [SCORE], [SCORE_PENALTY], [ID_ARBITRE_ASSISTANT], [ID_JOUEUR_GARDIEN]) VALUES (10, N'G', 1203, N'DEFAITE', N'N', 0, NULL, 80004, 160047)
GO
INSERT [FOOTEDC].[MATCH_DETAIL] ([ID_MATCH], [ETAPE_COMPETITION], [ID_EQUIPE], [RESULTAT], [DECISION], [SCORE], [SCORE_PENALTY], [ID_ARBITRE_ASSISTANT], [ID_JOUEUR_GARDIEN]) VALUES (10, N'G', 1211, N'VICTOIRE', N'N', 2, NULL, 80007, 160231)
GO
INSERT [FOOTEDC].[MATCH_DETAIL] ([ID_MATCH], [ETAPE_COMPETITION], [ID_EQUIPE], [RESULTAT], [DECISION], [SCORE], [SCORE_PENALTY], [ID_ARBITRE_ASSISTANT], [ID_JOUEUR_GARDIEN]) VALUES (11, N'G', 1202, N'DEFAITE', N'N', 0, NULL, 80026, 160024)
GO
INSERT [FOOTEDC].[MATCH_DETAIL] ([ID_MATCH], [ETAPE_COMPETITION], [ID_EQUIPE], [RESULTAT], [DECISION], [SCORE], [SCORE_PENALTY], [ID_ARBITRE_ASSISTANT], [ID_JOUEUR_GARDIEN]) VALUES (11, N'G', 1209, N'VICTOIRE', N'N', 2, NULL, 80028, 160187)
GO
INSERT [FOOTEDC].[MATCH_DETAIL] ([ID_MATCH], [ETAPE_COMPETITION], [ID_EQUIPE], [RESULTAT], [DECISION], [SCORE], [SCORE_PENALTY], [ID_ARBITRE_ASSISTANT], [ID_JOUEUR_GARDIEN]) VALUES (12, N'G', 1214, N'EGALITE', N'N', 1, NULL, 80009, 160302)
GO
INSERT [FOOTEDC].[MATCH_DETAIL] ([ID_MATCH], [ETAPE_COMPETITION], [ID_EQUIPE], [RESULTAT], [DECISION], [SCORE], [SCORE_PENALTY], [ID_ARBITRE_ASSISTANT], [ID_JOUEUR_GARDIEN]) VALUES (12, N'G', 1210, N'EGALITE', N'N', 1, NULL, 80015, 160208)
GO
INSERT [FOOTEDC].[MATCH_DETAIL] ([ID_MATCH], [ETAPE_COMPETITION], [ID_EQUIPE], [RESULTAT], [DECISION], [SCORE], [SCORE_PENALTY], [ID_ARBITRE_ASSISTANT], [ID_JOUEUR_GARDIEN]) VALUES (13, N'G', 1217, N'DEFAITE', N'N', 1, NULL, 80001, 160369)
GO
INSERT [FOOTEDC].[MATCH_DETAIL] ([ID_MATCH], [ETAPE_COMPETITION], [ID_EQUIPE], [RESULTAT], [DECISION], [SCORE], [SCORE_PENALTY], [ID_ARBITRE_ASSISTANT], [ID_JOUEUR_GARDIEN]) VALUES (13, N'G', 1218, N'VICTOIRE', N'N', 2, NULL, 80002, 160392)
GO
INSERT [FOOTEDC].[MATCH_DETAIL] ([ID_MATCH], [ETAPE_COMPETITION], [ID_EQUIPE], [RESULTAT], [DECISION], [SCORE], [SCORE_PENALTY], [ID_ARBITRE_ASSISTANT], [ID_JOUEUR_GARDIEN]) VALUES (14, N'G', 1216, N'EGALITE', N'N', 1, NULL, 80030, 160348)
GO
INSERT [FOOTEDC].[MATCH_DETAIL] ([ID_MATCH], [ETAPE_COMPETITION], [ID_EQUIPE], [RESULTAT], [DECISION], [SCORE], [SCORE_PENALTY], [ID_ARBITRE_ASSISTANT], [ID_JOUEUR_GARDIEN]) VALUES (14, N'G', 1221, N'EGALITE', N'N', 1, NULL, 80032, 160463)
GO
INSERT [FOOTEDC].[MATCH_DETAIL] ([ID_MATCH], [ETAPE_COMPETITION], [ID_EQUIPE], [RESULTAT], [DECISION], [SCORE], [SCORE_PENALTY], [ID_ARBITRE_ASSISTANT], [ID_JOUEUR_GARDIEN]) VALUES (15, N'G', 1207, N'VICTOIRE', N'N', 2, NULL, 80033, 160140)
GO
INSERT [FOOTEDC].[MATCH_DETAIL] ([ID_MATCH], [ETAPE_COMPETITION], [ID_EQUIPE], [RESULTAT], [DECISION], [SCORE], [SCORE_PENALTY], [ID_ARBITRE_ASSISTANT], [ID_JOUEUR_GARDIEN]) VALUES (15, N'G', 1201, N'DEFAITE', N'N', 0, NULL, 80027, 160001)
GO
INSERT [FOOTEDC].[MATCH_DETAIL] ([ID_MATCH], [ETAPE_COMPETITION], [ID_EQUIPE], [RESULTAT], [DECISION], [SCORE], [SCORE_PENALTY], [ID_ARBITRE_ASSISTANT], [ID_JOUEUR_GARDIEN]) VALUES (16, N'G', 1206, N'VICTOIRE', N'N', 2, NULL, 80005, 160117)
GO
INSERT [FOOTEDC].[MATCH_DETAIL] ([ID_MATCH], [ETAPE_COMPETITION], [ID_EQUIPE], [RESULTAT], [DECISION], [SCORE], [SCORE_PENALTY], [ID_ARBITRE_ASSISTANT], [ID_JOUEUR_GARDIEN]) VALUES (16, N'G', 1224, N'DEFAITE', N'N', 1, NULL, 80013, 160531)
GO
INSERT [FOOTEDC].[MATCH_DETAIL] ([ID_MATCH], [ETAPE_COMPETITION], [ID_EQUIPE], [RESULTAT], [DECISION], [SCORE], [SCORE_PENALTY], [ID_ARBITRE_ASSISTANT], [ID_JOUEUR_GARDIEN]) VALUES (17, N'G', 1223, N'DEFAITE', N'N', 0, NULL, 80035, 160508)
GO
INSERT [FOOTEDC].[MATCH_DETAIL] ([ID_MATCH], [ETAPE_COMPETITION], [ID_EQUIPE], [RESULTAT], [DECISION], [SCORE], [SCORE_PENALTY], [ID_ARBITRE_ASSISTANT], [ID_JOUEUR_GARDIEN]) VALUES (17, N'G', 1212, N'VICTOIRE', N'N', 2, NULL, 80034, 160256)
GO
INSERT [FOOTEDC].[MATCH_DETAIL] ([ID_MATCH], [ETAPE_COMPETITION], [ID_EQUIPE], [RESULTAT], [DECISION], [SCORE], [SCORE_PENALTY], [ID_ARBITRE_ASSISTANT], [ID_JOUEUR_GARDIEN]) VALUES (18, N'G', 1208, N'EGALITE', N'N', 0, NULL, 80021, 160163)
GO
INSERT [FOOTEDC].[MATCH_DETAIL] ([ID_MATCH], [ETAPE_COMPETITION], [ID_EQUIPE], [RESULTAT], [DECISION], [SCORE], [SCORE_PENALTY], [ID_ARBITRE_ASSISTANT], [ID_JOUEUR_GARDIEN]) VALUES (18, N'G', 1213, N'EGALITE', N'N', 0, NULL, 80024, 160278)
GO
INSERT [FOOTEDC].[MATCH_DETAIL] ([ID_MATCH], [ETAPE_COMPETITION], [ID_EQUIPE], [RESULTAT], [DECISION], [SCORE], [SCORE_PENALTY], [ID_ARBITRE_ASSISTANT], [ID_JOUEUR_GARDIEN]) VALUES (19, N'G', 1211, N'VICTOIRE', N'N', 1, NULL, 80016, 160231)
GO
INSERT [FOOTEDC].[MATCH_DETAIL] ([ID_MATCH], [ETAPE_COMPETITION], [ID_EQUIPE], [RESULTAT], [DECISION], [SCORE], [SCORE_PENALTY], [ID_ARBITRE_ASSISTANT], [ID_JOUEUR_GARDIEN]) VALUES (19, N'G', 1220, N'DEFAITE', N'N', 0, NULL, 80020, 160439)
GO
INSERT [FOOTEDC].[MATCH_DETAIL] ([ID_MATCH], [ETAPE_COMPETITION], [ID_EQUIPE], [RESULTAT], [DECISION], [SCORE], [SCORE_PENALTY], [ID_ARBITRE_ASSISTANT], [ID_JOUEUR_GARDIEN]) VALUES (20, N'G', 1205, N'EGALITE', N'N', 2, NULL, 80004, 160093)
GO
INSERT [FOOTEDC].[MATCH_DETAIL] ([ID_MATCH], [ETAPE_COMPETITION], [ID_EQUIPE], [RESULTAT], [DECISION], [SCORE], [SCORE_PENALTY], [ID_ARBITRE_ASSISTANT], [ID_JOUEUR_GARDIEN]) VALUES (20, N'G', 1204, N'EGALITE', N'N', 2, NULL, 80007, 160071)
GO
INSERT [FOOTEDC].[MATCH_DETAIL] ([ID_MATCH], [ETAPE_COMPETITION], [ID_EQUIPE], [RESULTAT], [DECISION], [SCORE], [SCORE_PENALTY], [ID_ARBITRE_ASSISTANT], [ID_JOUEUR_GARDIEN]) VALUES (21, N'G', 1219, N'VICTOIRE', N'N', 3, NULL, 80017, 160416)
GO
INSERT [FOOTEDC].[MATCH_DETAIL] ([ID_MATCH], [ETAPE_COMPETITION], [ID_EQUIPE], [RESULTAT], [DECISION], [SCORE], [SCORE_PENALTY], [ID_ARBITRE_ASSISTANT], [ID_JOUEUR_GARDIEN]) VALUES (21, N'G', 1222, N'DEFAITE', N'N', 0, NULL, 80010, 160486)
GO
INSERT [FOOTEDC].[MATCH_DETAIL] ([ID_MATCH], [ETAPE_COMPETITION], [ID_EQUIPE], [RESULTAT], [DECISION], [SCORE], [SCORE_PENALTY], [ID_ARBITRE_ASSISTANT], [ID_JOUEUR_GARDIEN]) VALUES (22, N'G', 1203, N'VICTOIRE', N'N', 3, NULL, 80009, 160047)
GO
INSERT [FOOTEDC].[MATCH_DETAIL] ([ID_MATCH], [ETAPE_COMPETITION], [ID_EQUIPE], [RESULTAT], [DECISION], [SCORE], [SCORE_PENALTY], [ID_ARBITRE_ASSISTANT], [ID_JOUEUR_GARDIEN]) VALUES (22, N'G', 1215, N'DEFAITE', N'N', 0, NULL, 80015, 160324)
GO
INSERT [FOOTEDC].[MATCH_DETAIL] ([ID_MATCH], [ETAPE_COMPETITION], [ID_EQUIPE], [RESULTAT], [DECISION], [SCORE], [SCORE_PENALTY], [ID_ARBITRE_ASSISTANT], [ID_JOUEUR_GARDIEN]) VALUES (23, N'G', 1210, N'EGALITE', N'N', 1, NULL, 80030, 160208)
GO
INSERT [FOOTEDC].[MATCH_DETAIL] ([ID_MATCH], [ETAPE_COMPETITION], [ID_EQUIPE], [RESULTAT], [DECISION], [SCORE], [SCORE_PENALTY], [ID_ARBITRE_ASSISTANT], [ID_JOUEUR_GARDIEN]) VALUES (23, N'G', 1209, N'EGALITE', N'N', 1, NULL, 80032, 160187)
GO
INSERT [FOOTEDC].[MATCH_DETAIL] ([ID_MATCH], [ETAPE_COMPETITION], [ID_EQUIPE], [RESULTAT], [DECISION], [SCORE], [SCORE_PENALTY], [ID_ARBITRE_ASSISTANT], [ID_JOUEUR_GARDIEN]) VALUES (24, N'G', 1214, N'EGALITE', N'N', 0, NULL, 80008, 160302)
GO
INSERT [FOOTEDC].[MATCH_DETAIL] ([ID_MATCH], [ETAPE_COMPETITION], [ID_EQUIPE], [RESULTAT], [DECISION], [SCORE], [SCORE_PENALTY], [ID_ARBITRE_ASSISTANT], [ID_JOUEUR_GARDIEN]) VALUES (24, N'G', 1202, N'EGALITE', N'N', 0, NULL, 80019, 160024)
GO
INSERT [FOOTEDC].[MATCH_DETAIL] ([ID_MATCH], [ETAPE_COMPETITION], [ID_EQUIPE], [RESULTAT], [DECISION], [SCORE], [SCORE_PENALTY], [ID_ARBITRE_ASSISTANT], [ID_JOUEUR_GARDIEN]) VALUES (25, N'G', 1216, N'DEFAITE', N'N', 0, NULL, 80035, 160348)
GO
INSERT [FOOTEDC].[MATCH_DETAIL] ([ID_MATCH], [ETAPE_COMPETITION], [ID_EQUIPE], [RESULTAT], [DECISION], [SCORE], [SCORE_PENALTY], [ID_ARBITRE_ASSISTANT], [ID_JOUEUR_GARDIEN]) VALUES (25, N'G', 1201, N'VICTOIRE', N'N', 1, NULL, 80034, 160001)
GO
INSERT [FOOTEDC].[MATCH_DETAIL] ([ID_MATCH], [ETAPE_COMPETITION], [ID_EQUIPE], [RESULTAT], [DECISION], [SCORE], [SCORE_PENALTY], [ID_ARBITRE_ASSISTANT], [ID_JOUEUR_GARDIEN]) VALUES (26, N'G', 1221, N'EGALITE', N'N', 0, NULL, 80001, 160463)
GO
INSERT [FOOTEDC].[MATCH_DETAIL] ([ID_MATCH], [ETAPE_COMPETITION], [ID_EQUIPE], [RESULTAT], [DECISION], [SCORE], [SCORE_PENALTY], [ID_ARBITRE_ASSISTANT], [ID_JOUEUR_GARDIEN]) VALUES (26, N'G', 1207, N'EGALITE', N'N', 0, NULL, 80002, 160140)
GO
INSERT [FOOTEDC].[MATCH_DETAIL] ([ID_MATCH], [ETAPE_COMPETITION], [ID_EQUIPE], [RESULTAT], [DECISION], [SCORE], [SCORE_PENALTY], [ID_ARBITRE_ASSISTANT], [ID_JOUEUR_GARDIEN]) VALUES (27, N'G', 1217, N'DEFAITE', N'N', 0, NULL, 80011, 160369)
GO
INSERT [FOOTEDC].[MATCH_DETAIL] ([ID_MATCH], [ETAPE_COMPETITION], [ID_EQUIPE], [RESULTAT], [DECISION], [SCORE], [SCORE_PENALTY], [ID_ARBITRE_ASSISTANT], [ID_JOUEUR_GARDIEN]) VALUES (27, N'G', 1224, N'VICTOIRE', N'N', 3, NULL, 80022, 160531)
GO
INSERT [FOOTEDC].[MATCH_DETAIL] ([ID_MATCH], [ETAPE_COMPETITION], [ID_EQUIPE], [RESULTAT], [DECISION], [SCORE], [SCORE_PENALTY], [ID_ARBITRE_ASSISTANT], [ID_JOUEUR_GARDIEN]) VALUES (28, N'G', 1218, N'EGALITE', N'N', 0, NULL, 80003, 160392)
GO
INSERT [FOOTEDC].[MATCH_DETAIL] ([ID_MATCH], [ETAPE_COMPETITION], [ID_EQUIPE], [RESULTAT], [DECISION], [SCORE], [SCORE_PENALTY], [ID_ARBITRE_ASSISTANT], [ID_JOUEUR_GARDIEN]) VALUES (28, N'G', 1206, N'EGALITE', N'N', 0, NULL, 80023, 160117)
GO
INSERT [FOOTEDC].[MATCH_DETAIL] ([ID_MATCH], [ETAPE_COMPETITION], [ID_EQUIPE], [RESULTAT], [DECISION], [SCORE], [SCORE_PENALTY], [ID_ARBITRE_ASSISTANT], [ID_JOUEUR_GARDIEN]) VALUES (29, N'G', 1223, N'DEFAITE', N'N', 0, NULL, 80031, 160508)
GO
INSERT [FOOTEDC].[MATCH_DETAIL] ([ID_MATCH], [ETAPE_COMPETITION], [ID_EQUIPE], [RESULTAT], [DECISION], [SCORE], [SCORE_PENALTY], [ID_ARBITRE_ASSISTANT], [ID_JOUEUR_GARDIEN]) VALUES (29, N'G', 1213, N'VICTOIRE', N'N', 1, NULL, 80025, 160278)
GO
INSERT [FOOTEDC].[MATCH_DETAIL] ([ID_MATCH], [ETAPE_COMPETITION], [ID_EQUIPE], [RESULTAT], [DECISION], [SCORE], [SCORE_PENALTY], [ID_ARBITRE_ASSISTANT], [ID_JOUEUR_GARDIEN]) VALUES (30, N'G', 1212, N'DEFAITE', N'N', 0, NULL, 80026, 160256)
GO
INSERT [FOOTEDC].[MATCH_DETAIL] ([ID_MATCH], [ETAPE_COMPETITION], [ID_EQUIPE], [RESULTAT], [DECISION], [SCORE], [SCORE_PENALTY], [ID_ARBITRE_ASSISTANT], [ID_JOUEUR_GARDIEN]) VALUES (30, N'G', 1208, N'VICTOIRE', N'N', 1, NULL, 80028, 160163)
GO
INSERT [FOOTEDC].[MATCH_DETAIL] ([ID_MATCH], [ETAPE_COMPETITION], [ID_EQUIPE], [RESULTAT], [DECISION], [SCORE], [SCORE_PENALTY], [ID_ARBITRE_ASSISTANT], [ID_JOUEUR_GARDIEN]) VALUES (31, N'G', 1205, N'DEFAITE', N'N', 0, NULL, 80033, 160093)
GO
INSERT [FOOTEDC].[MATCH_DETAIL] ([ID_MATCH], [ETAPE_COMPETITION], [ID_EQUIPE], [RESULTAT], [DECISION], [SCORE], [SCORE_PENALTY], [ID_ARBITRE_ASSISTANT], [ID_JOUEUR_GARDIEN]) VALUES (31, N'G', 1222, N'VICTOIRE', N'N', 2, NULL, 80027, 160486)
GO
INSERT [FOOTEDC].[MATCH_DETAIL] ([ID_MATCH], [ETAPE_COMPETITION], [ID_EQUIPE], [RESULTAT], [DECISION], [SCORE], [SCORE_PENALTY], [ID_ARBITRE_ASSISTANT], [ID_JOUEUR_GARDIEN]) VALUES (32, N'G', 1204, N'VICTOIRE', N'N', 2, NULL, 80021, 160071)
GO
INSERT [FOOTEDC].[MATCH_DETAIL] ([ID_MATCH], [ETAPE_COMPETITION], [ID_EQUIPE], [RESULTAT], [DECISION], [SCORE], [SCORE_PENALTY], [ID_ARBITRE_ASSISTANT], [ID_JOUEUR_GARDIEN]) VALUES (32, N'G', 1219, N'DEFAITE', N'N', 1, NULL, 80024, 160416)
GO
INSERT [FOOTEDC].[MATCH_DETAIL] ([ID_MATCH], [ETAPE_COMPETITION], [ID_EQUIPE], [RESULTAT], [DECISION], [SCORE], [SCORE_PENALTY], [ID_ARBITRE_ASSISTANT], [ID_JOUEUR_GARDIEN]) VALUES (33, N'G', 1210, N'VICTOIRE', N'N', 2, NULL, 80018, 160208)
GO
INSERT [FOOTEDC].[MATCH_DETAIL] ([ID_MATCH], [ETAPE_COMPETITION], [ID_EQUIPE], [RESULTAT], [DECISION], [SCORE], [SCORE_PENALTY], [ID_ARBITRE_ASSISTANT], [ID_JOUEUR_GARDIEN]) VALUES (33, N'G', 1202, N'DEFAITE', N'N', 1, NULL, 80012, 160024)
GO
INSERT [FOOTEDC].[MATCH_DETAIL] ([ID_MATCH], [ETAPE_COMPETITION], [ID_EQUIPE], [RESULTAT], [DECISION], [SCORE], [SCORE_PENALTY], [ID_ARBITRE_ASSISTANT], [ID_JOUEUR_GARDIEN]) VALUES (34, N'G', 1209, N'EGALITE', N'N', 3, NULL, 80014, 160187)
GO
INSERT [FOOTEDC].[MATCH_DETAIL] ([ID_MATCH], [ETAPE_COMPETITION], [ID_EQUIPE], [RESULTAT], [DECISION], [SCORE], [SCORE_PENALTY], [ID_ARBITRE_ASSISTANT], [ID_JOUEUR_GARDIEN]) VALUES (34, N'G', 1214, N'EGALITE', N'N', 3, NULL, 80006, 160302)
GO
INSERT [FOOTEDC].[MATCH_DETAIL] ([ID_MATCH], [ETAPE_COMPETITION], [ID_EQUIPE], [RESULTAT], [DECISION], [SCORE], [SCORE_PENALTY], [ID_ARBITRE_ASSISTANT], [ID_JOUEUR_GARDIEN]) VALUES (35, N'G', 1211, N'DEFAITE', N'N', 0, NULL, 80036, 160233)
GO
INSERT [FOOTEDC].[MATCH_DETAIL] ([ID_MATCH], [ETAPE_COMPETITION], [ID_EQUIPE], [RESULTAT], [DECISION], [SCORE], [SCORE_PENALTY], [ID_ARBITRE_ASSISTANT], [ID_JOUEUR_GARDIEN]) VALUES (35, N'G', 1215, N'VICTOIRE', N'N', 1, NULL, 80029, 160324)
GO
INSERT [FOOTEDC].[MATCH_DETAIL] ([ID_MATCH], [ETAPE_COMPETITION], [ID_EQUIPE], [RESULTAT], [DECISION], [SCORE], [SCORE_PENALTY], [ID_ARBITRE_ASSISTANT], [ID_JOUEUR_GARDIEN]) VALUES (36, N'G', 1220, N'DEFAITE', N'N', 0, NULL, 80005, 160439)
GO
INSERT [FOOTEDC].[MATCH_DETAIL] ([ID_MATCH], [ETAPE_COMPETITION], [ID_EQUIPE], [RESULTAT], [DECISION], [SCORE], [SCORE_PENALTY], [ID_ARBITRE_ASSISTANT], [ID_JOUEUR_GARDIEN]) VALUES (36, N'G', 1203, N'VICTOIRE', N'N', 1, NULL, 80013, 160047)
GO
INSERT [FOOTEDC].[MATCH_DETAIL] ([ID_MATCH], [ETAPE_COMPETITION], [ID_EQUIPE], [RESULTAT], [DECISION], [SCORE], [SCORE_PENALTY], [ID_ARBITRE_ASSISTANT], [ID_JOUEUR_GARDIEN]) VALUES (37, N'R', 1221, N'DEFAITE', N'P', 1, 4, 80004, 160463)
GO
INSERT [FOOTEDC].[MATCH_DETAIL] ([ID_MATCH], [ETAPE_COMPETITION], [ID_EQUIPE], [RESULTAT], [DECISION], [SCORE], [SCORE_PENALTY], [ID_ARBITRE_ASSISTANT], [ID_JOUEUR_GARDIEN]) VALUES (37, N'R', 1213, N'VICTOIRE', N'P', 1, 5, 80007, 160278)
GO
INSERT [FOOTEDC].[MATCH_DETAIL] ([ID_MATCH], [ETAPE_COMPETITION], [ID_EQUIPE], [RESULTAT], [DECISION], [SCORE], [SCORE_PENALTY], [ID_ARBITRE_ASSISTANT], [ID_JOUEUR_GARDIEN]) VALUES (38, N'R', 1224, N'VICTOIRE', N'N', 1, NULL, 80014, 160531)
GO
INSERT [FOOTEDC].[MATCH_DETAIL] ([ID_MATCH], [ETAPE_COMPETITION], [ID_EQUIPE], [RESULTAT], [DECISION], [SCORE], [SCORE_PENALTY], [ID_ARBITRE_ASSISTANT], [ID_JOUEUR_GARDIEN]) VALUES (38, N'R', 1212, N'DEFAITE', N'N', 0, NULL, 80006, 160256)
GO
INSERT [FOOTEDC].[MATCH_DETAIL] ([ID_MATCH], [ETAPE_COMPETITION], [ID_EQUIPE], [RESULTAT], [DECISION], [SCORE], [SCORE_PENALTY], [ID_ARBITRE_ASSISTANT], [ID_JOUEUR_GARDIEN]) VALUES (39, N'R', 1204, N'DEFAITE', N'N', 0, NULL, 80003, 160071)
GO
INSERT [FOOTEDC].[MATCH_DETAIL] ([ID_MATCH], [ETAPE_COMPETITION], [ID_EQUIPE], [RESULTAT], [DECISION], [SCORE], [SCORE_PENALTY], [ID_ARBITRE_ASSISTANT], [ID_JOUEUR_GARDIEN]) VALUES (39, N'R', 1214, N'VICTOIRE', N'N', 1, NULL, 80023, 160302)
GO
INSERT [FOOTEDC].[MATCH_DETAIL] ([ID_MATCH], [ETAPE_COMPETITION], [ID_EQUIPE], [RESULTAT], [DECISION], [SCORE], [SCORE_PENALTY], [ID_ARBITRE_ASSISTANT], [ID_JOUEUR_GARDIEN]) VALUES (40, N'R', 1207, N'VICTOIRE', N'N', 2, NULL, 80008, 160140)
GO
INSERT [FOOTEDC].[MATCH_DETAIL] ([ID_MATCH], [ETAPE_COMPETITION], [ID_EQUIPE], [RESULTAT], [DECISION], [SCORE], [SCORE_PENALTY], [ID_ARBITRE_ASSISTANT], [ID_JOUEUR_GARDIEN]) VALUES (40, N'R', 1215, N'DEFAITE', N'N', 1, NULL, 80019, 160324)
GO
INSERT [FOOTEDC].[MATCH_DETAIL] ([ID_MATCH], [ETAPE_COMPETITION], [ID_EQUIPE], [RESULTAT], [DECISION], [SCORE], [SCORE_PENALTY], [ID_ARBITRE_ASSISTANT], [ID_JOUEUR_GARDIEN]) VALUES (41, N'R', 1208, N'VICTOIRE', N'N', 3, NULL, 80018, 160163)
GO
INSERT [FOOTEDC].[MATCH_DETAIL] ([ID_MATCH], [ETAPE_COMPETITION], [ID_EQUIPE], [RESULTAT], [DECISION], [SCORE], [SCORE_PENALTY], [ID_ARBITRE_ASSISTANT], [ID_JOUEUR_GARDIEN]) VALUES (41, N'R', 1218, N'DEFAITE', N'N', 0, NULL, 80012, 160392)
GO
INSERT [FOOTEDC].[MATCH_DETAIL] ([ID_MATCH], [ETAPE_COMPETITION], [ID_EQUIPE], [RESULTAT], [DECISION], [SCORE], [SCORE_PENALTY], [ID_ARBITRE_ASSISTANT], [ID_JOUEUR_GARDIEN]) VALUES (42, N'R', 1209, N'DEFAITE', N'N', 0, NULL, 80017, 160187)
GO
INSERT [FOOTEDC].[MATCH_DETAIL] ([ID_MATCH], [ETAPE_COMPETITION], [ID_EQUIPE], [RESULTAT], [DECISION], [SCORE], [SCORE_PENALTY], [ID_ARBITRE_ASSISTANT], [ID_JOUEUR_GARDIEN]) VALUES (42, N'R', 1203, N'VICTOIRE', N'N', 4, NULL, 80010, 160047)
GO
INSERT [FOOTEDC].[MATCH_DETAIL] ([ID_MATCH], [ETAPE_COMPETITION], [ID_EQUIPE], [RESULTAT], [DECISION], [SCORE], [SCORE_PENALTY], [ID_ARBITRE_ASSISTANT], [ID_JOUEUR_GARDIEN]) VALUES (43, N'R', 1211, N'VICTOIRE', N'N', 2, NULL, 80009, 160231)
GO
INSERT [FOOTEDC].[MATCH_DETAIL] ([ID_MATCH], [ETAPE_COMPETITION], [ID_EQUIPE], [RESULTAT], [DECISION], [SCORE], [SCORE_PENALTY], [ID_ARBITRE_ASSISTANT], [ID_JOUEUR_GARDIEN]) VALUES (43, N'R', 1219, N'DEFAITE', N'N', 0, NULL, 80015, 160416)
GO
INSERT [FOOTEDC].[MATCH_DETAIL] ([ID_MATCH], [ETAPE_COMPETITION], [ID_EQUIPE], [RESULTAT], [DECISION], [SCORE], [SCORE_PENALTY], [ID_ARBITRE_ASSISTANT], [ID_JOUEUR_GARDIEN]) VALUES (44, N'R', 1206, N'DEFAITE', N'N', 1, NULL, 80001, 160117)
GO
INSERT [FOOTEDC].[MATCH_DETAIL] ([ID_MATCH], [ETAPE_COMPETITION], [ID_EQUIPE], [RESULTAT], [DECISION], [SCORE], [SCORE_PENALTY], [ID_ARBITRE_ASSISTANT], [ID_JOUEUR_GARDIEN]) VALUES (44, N'R', 1210, N'VICTOIRE', N'N', 2, NULL, 80002, 160208)
GO
INSERT [FOOTEDC].[MATCH_DETAIL] ([ID_MATCH], [ETAPE_COMPETITION], [ID_EQUIPE], [RESULTAT], [DECISION], [SCORE], [SCORE_PENALTY], [ID_ARBITRE_ASSISTANT], [ID_JOUEUR_GARDIEN]) VALUES (45, N'Q', 1213, N'DEFAITE', N'P', 1, 3, 80005, 160278)
GO
INSERT [FOOTEDC].[MATCH_DETAIL] ([ID_MATCH], [ETAPE_COMPETITION], [ID_EQUIPE], [RESULTAT], [DECISION], [SCORE], [SCORE_PENALTY], [ID_ARBITRE_ASSISTANT], [ID_JOUEUR_GARDIEN]) VALUES (45, N'Q', 1214, N'VICTOIRE', N'P', 1, 5, 80013, 160302)
GO
INSERT [FOOTEDC].[MATCH_DETAIL] ([ID_MATCH], [ETAPE_COMPETITION], [ID_EQUIPE], [RESULTAT], [DECISION], [SCORE], [SCORE_PENALTY], [ID_ARBITRE_ASSISTANT], [ID_JOUEUR_GARDIEN]) VALUES (46, N'Q', 1224, N'VICTOIRE', N'N', 3, NULL, 80001, 160531)
GO
INSERT [FOOTEDC].[MATCH_DETAIL] ([ID_MATCH], [ETAPE_COMPETITION], [ID_EQUIPE], [RESULTAT], [DECISION], [SCORE], [SCORE_PENALTY], [ID_ARBITRE_ASSISTANT], [ID_JOUEUR_GARDIEN]) VALUES (46, N'Q', 1203, N'DEFAITE', N'N', 1, NULL, 80002, 160047)
GO
INSERT [FOOTEDC].[MATCH_DETAIL] ([ID_MATCH], [ETAPE_COMPETITION], [ID_EQUIPE], [RESULTAT], [DECISION], [SCORE], [SCORE_PENALTY], [ID_ARBITRE_ASSISTANT], [ID_JOUEUR_GARDIEN]) VALUES (47, N'Q', 1208, N'VICTOIRE', N'P', 1, 6, 80016, 160163)
GO
INSERT [FOOTEDC].[MATCH_DETAIL] ([ID_MATCH], [ETAPE_COMPETITION], [ID_EQUIPE], [RESULTAT], [DECISION], [SCORE], [SCORE_PENALTY], [ID_ARBITRE_ASSISTANT], [ID_JOUEUR_GARDIEN]) VALUES (47, N'Q', 1211, N'DEFAITE', N'P', 1, 5, 80020, 160231)
GO
INSERT [FOOTEDC].[MATCH_DETAIL] ([ID_MATCH], [ETAPE_COMPETITION], [ID_EQUIPE], [RESULTAT], [DECISION], [SCORE], [SCORE_PENALTY], [ID_ARBITRE_ASSISTANT], [ID_JOUEUR_GARDIEN]) VALUES (48, N'Q', 1207, N'VICTOIRE', N'N', 5, NULL, 80021, 160140)
GO
INSERT [FOOTEDC].[MATCH_DETAIL] ([ID_MATCH], [ETAPE_COMPETITION], [ID_EQUIPE], [RESULTAT], [DECISION], [SCORE], [SCORE_PENALTY], [ID_ARBITRE_ASSISTANT], [ID_JOUEUR_GARDIEN]) VALUES (48, N'Q', 1210, N'DEFAITE', N'N', 2, NULL, 80024, 160208)
GO
INSERT [FOOTEDC].[MATCH_DETAIL] ([ID_MATCH], [ETAPE_COMPETITION], [ID_EQUIPE], [RESULTAT], [DECISION], [SCORE], [SCORE_PENALTY], [ID_ARBITRE_ASSISTANT], [ID_JOUEUR_GARDIEN]) VALUES (49, N'S', 1214, N'VICTOIRE', N'N', 2, NULL, 80011, 160302)
GO
INSERT [FOOTEDC].[MATCH_DETAIL] ([ID_MATCH], [ETAPE_COMPETITION], [ID_EQUIPE], [RESULTAT], [DECISION], [SCORE], [SCORE_PENALTY], [ID_ARBITRE_ASSISTANT], [ID_JOUEUR_GARDIEN]) VALUES (49, N'S', 1224, N'DEFAITE', N'N', 0, NULL, 80022, 160531)
GO
INSERT [FOOTEDC].[MATCH_DETAIL] ([ID_MATCH], [ETAPE_COMPETITION], [ID_EQUIPE], [RESULTAT], [DECISION], [SCORE], [SCORE_PENALTY], [ID_ARBITRE_ASSISTANT], [ID_JOUEUR_GARDIEN]) VALUES (50, N'S', 1207, N'VICTOIRE', N'N', 2, NULL, 80008, 160140)
GO
INSERT [FOOTEDC].[MATCH_DETAIL] ([ID_MATCH], [ETAPE_COMPETITION], [ID_EQUIPE], [RESULTAT], [DECISION], [SCORE], [SCORE_PENALTY], [ID_ARBITRE_ASSISTANT], [ID_JOUEUR_GARDIEN]) VALUES (50, N'S', 1208, N'DEFAITE', N'N', 1, NULL, 80019, 160163)
GO
INSERT [FOOTEDC].[MATCH_DETAIL] ([ID_MATCH], [ETAPE_COMPETITION], [ID_EQUIPE], [RESULTAT], [DECISION], [SCORE], [SCORE_PENALTY], [ID_ARBITRE_ASSISTANT], [ID_JOUEUR_GARDIEN]) VALUES (51, N'F', 1214, N'VICTOIRE', N'N', 1, NULL, 80004, 160302)
GO
INSERT [FOOTEDC].[MATCH_DETAIL] ([ID_MATCH], [ETAPE_COMPETITION], [ID_EQUIPE], [RESULTAT], [DECISION], [SCORE], [SCORE_PENALTY], [ID_ARBITRE_ASSISTANT], [ID_JOUEUR_GARDIEN]) VALUES (51, N'F', 1207, N'DEFAITE', N'N', 0, NULL, 80007, 160140)
GO

INSERT [FOOTEDC].[ENTRAINEUR_EQUIPE] ([ID_EQUIPE], [ID_ENTRAINEUR]) VALUES (1201, 5550)
GO
INSERT [FOOTEDC].[ENTRAINEUR_EQUIPE] ([ID_EQUIPE], [ID_ENTRAINEUR]) VALUES (1202, 5551)
GO
INSERT [FOOTEDC].[ENTRAINEUR_EQUIPE] ([ID_EQUIPE], [ID_ENTRAINEUR]) VALUES (1203, 5552)
GO
INSERT [FOOTEDC].[ENTRAINEUR_EQUIPE] ([ID_EQUIPE], [ID_ENTRAINEUR]) VALUES (1204, 5553)
GO
INSERT [FOOTEDC].[ENTRAINEUR_EQUIPE] ([ID_EQUIPE], [ID_ENTRAINEUR]) VALUES (1205, 5554)
GO
INSERT [FOOTEDC].[ENTRAINEUR_EQUIPE] ([ID_EQUIPE], [ID_ENTRAINEUR]) VALUES (1206, 5555)
GO
INSERT [FOOTEDC].[ENTRAINEUR_EQUIPE] ([ID_EQUIPE], [ID_ENTRAINEUR]) VALUES (1207, 5556)
GO
INSERT [FOOTEDC].[ENTRAINEUR_EQUIPE] ([ID_EQUIPE], [ID_ENTRAINEUR]) VALUES (1208, 5557)
GO
INSERT [FOOTEDC].[ENTRAINEUR_EQUIPE] ([ID_EQUIPE], [ID_ENTRAINEUR]) VALUES (1209, 5558)
GO
INSERT [FOOTEDC].[ENTRAINEUR_EQUIPE] ([ID_EQUIPE], [ID_ENTRAINEUR]) VALUES (1210, 5559)
GO
INSERT [FOOTEDC].[ENTRAINEUR_EQUIPE] ([ID_EQUIPE], [ID_ENTRAINEUR]) VALUES (1210, 5560)
GO
INSERT [FOOTEDC].[ENTRAINEUR_EQUIPE] ([ID_EQUIPE], [ID_ENTRAINEUR]) VALUES (1211, 5561)
GO
INSERT [FOOTEDC].[ENTRAINEUR_EQUIPE] ([ID_EQUIPE], [ID_ENTRAINEUR]) VALUES (1212, 5562)
GO
INSERT [FOOTEDC].[ENTRAINEUR_EQUIPE] ([ID_EQUIPE], [ID_ENTRAINEUR]) VALUES (1213, 5563)
GO
INSERT [FOOTEDC].[ENTRAINEUR_EQUIPE] ([ID_EQUIPE], [ID_ENTRAINEUR]) VALUES (1214, 5564)
GO
INSERT [FOOTEDC].[ENTRAINEUR_EQUIPE] ([ID_EQUIPE], [ID_ENTRAINEUR]) VALUES (1215, 5565)
GO
INSERT [FOOTEDC].[ENTRAINEUR_EQUIPE] ([ID_EQUIPE], [ID_ENTRAINEUR]) VALUES (1216, 5566)
GO
INSERT [FOOTEDC].[ENTRAINEUR_EQUIPE] ([ID_EQUIPE], [ID_ENTRAINEUR]) VALUES (1217, 5567)
GO
INSERT [FOOTEDC].[ENTRAINEUR_EQUIPE] ([ID_EQUIPE], [ID_ENTRAINEUR]) VALUES (1218, 5568)
GO
INSERT [FOOTEDC].[ENTRAINEUR_EQUIPE] ([ID_EQUIPE], [ID_ENTRAINEUR]) VALUES (1219, 5569)
GO
INSERT [FOOTEDC].[ENTRAINEUR_EQUIPE] ([ID_EQUIPE], [ID_ENTRAINEUR]) VALUES (1220, 5570)
GO
INSERT [FOOTEDC].[ENTRAINEUR_EQUIPE] ([ID_EQUIPE], [ID_ENTRAINEUR]) VALUES (1221, 5571)
GO
INSERT [FOOTEDC].[ENTRAINEUR_EQUIPE] ([ID_EQUIPE], [ID_ENTRAINEUR]) VALUES (1222, 5572)
GO
INSERT [FOOTEDC].[ENTRAINEUR_EQUIPE] ([ID_EQUIPE], [ID_ENTRAINEUR]) VALUES (1223, 5573)
GO
INSERT [FOOTEDC].[ENTRAINEUR_EQUIPE] ([ID_EQUIPE], [ID_ENTRAINEUR]) VALUES (1224, 5574)
GO
INSERT [FOOTEDC].[ARBITRE] ([ID_ARBITRE], [PRENOM_NOM_ARBITRE], [ID_PAYS]) VALUES (70001, N'Damir Skomina', 1225)
GO
INSERT [FOOTEDC].[ARBITRE] ([ID_ARBITRE], [PRENOM_NOM_ARBITRE], [ID_PAYS]) VALUES (70002, N'Martin Atkinson', 1206)
GO
INSERT [FOOTEDC].[ARBITRE] ([ID_ARBITRE], [PRENOM_NOM_ARBITRE], [ID_PAYS]) VALUES (70003, N'Felix Brych', 1208)
GO
INSERT [FOOTEDC].[ARBITRE] ([ID_ARBITRE], [PRENOM_NOM_ARBITRE], [ID_PAYS]) VALUES (70004, N'Cuneyt Cakir', 1222)
GO
INSERT [FOOTEDC].[ARBITRE] ([ID_ARBITRE], [PRENOM_NOM_ARBITRE], [ID_PAYS]) VALUES (70005, N'Mark Clattenburg', 1206)
GO
INSERT [FOOTEDC].[ARBITRE] ([ID_ARBITRE], [PRENOM_NOM_ARBITRE], [ID_PAYS]) VALUES (70006, N'Jonas Eriksson', 1220)
GO
INSERT [FOOTEDC].[ARBITRE] ([ID_ARBITRE], [PRENOM_NOM_ARBITRE], [ID_PAYS]) VALUES (70007, N'Viktor Kassai', 1209)
GO
INSERT [FOOTEDC].[ARBITRE] ([ID_ARBITRE], [PRENOM_NOM_ARBITRE], [ID_PAYS]) VALUES (70008, N'Bjorn Kuipers', 1226)
GO
INSERT [FOOTEDC].[ARBITRE] ([ID_ARBITRE], [PRENOM_NOM_ARBITRE], [ID_PAYS]) VALUES (70009, N'Szymon Marciniak', 1213)
GO
INSERT [FOOTEDC].[ARBITRE] ([ID_ARBITRE], [PRENOM_NOM_ARBITRE], [ID_PAYS]) VALUES (70010, N'Milorad Mazic', 1227)
GO
INSERT [FOOTEDC].[ARBITRE] ([ID_ARBITRE], [PRENOM_NOM_ARBITRE], [ID_PAYS]) VALUES (70011, N'Nicola Rizzoli', 1211)
GO
INSERT [FOOTEDC].[ARBITRE] ([ID_ARBITRE], [PRENOM_NOM_ARBITRE], [ID_PAYS]) VALUES (70012, N'Carlos Velasco Carballo', 1219)
GO
INSERT [FOOTEDC].[ARBITRE] ([ID_ARBITRE], [PRENOM_NOM_ARBITRE], [ID_PAYS]) VALUES (70013, N'William Collum', 1228)
GO
INSERT [FOOTEDC].[ARBITRE] ([ID_ARBITRE], [PRENOM_NOM_ARBITRE], [ID_PAYS]) VALUES (70014, N'Ovidiu Hategan', 1216)
GO
INSERT [FOOTEDC].[ARBITRE] ([ID_ARBITRE], [PRENOM_NOM_ARBITRE], [ID_PAYS]) VALUES (70015, N'Sergei Karasev', 1217)
GO
INSERT [FOOTEDC].[ARBITRE] ([ID_ARBITRE], [PRENOM_NOM_ARBITRE], [ID_PAYS]) VALUES (70016, N'Pavel Kralovec', 1205)
GO
INSERT [FOOTEDC].[ARBITRE] ([ID_ARBITRE], [PRENOM_NOM_ARBITRE], [ID_PAYS]) VALUES (70017, N'Svein Oddvar Moen', 1229)
GO
INSERT [FOOTEDC].[ARBITRE] ([ID_ARBITRE], [PRENOM_NOM_ARBITRE], [ID_PAYS]) VALUES (70018, N'Clement Turpin', 1207)
GO